time;buy rate;sell rate
0;1,24;1,24944
1;1,24194;1,26
2;1,24683;1,25656
3;1,25002;1,26
4;1,25616;1,26
5;1,25647;1,25824
6;1,25726;1,25759
7;1,25734;1,25759
8;1,25741;1,25759
9;1,25744;1,25759
10;1,2575;1,25759
11;1,25746;1,25759
12;1,25749;1,25752
13;1,24;1,25752
14;1,24;1,25532
15;1,24971;1,25752
16;1,24;1,2502
17;1,24835;1,25752
18;1,2471;1,25457
19;1,24942;1,25457
20;1,24978;1,25153
21;1,24613;1,25074
22;1,24613;1,2488
23;1,24725;1,2488
24;1,24541;1,2473
25;1,24572;1,2473
26;1,24506;1,2488
27;1,24694;1,2488
28;1,24686;1,24878
29;1,24629;1,24878
30;1,24768;1,24878
31;1,2474;1,24878
32;1,24693;1,24843
33;1,24791;1,24878
34;1,24785;1,24878
35;1,24785;1,2484
36;1,24764;1,2484
37;1,24751;1,2483
38;1,24629;1,24773
39;1,24697;1,2479
40;1,24611;1,24745
41;1,2453;1,24721
42;1,24661;1,24712
43;1,2445;1,24711
44;1,24;1,24423
45;1,24379;1,24642
46;1,24;1,24567
47;1,24435;1,24567
48;1,24431;1,24712
49;1,2456;1,24712
50;1,24435;1,24703
51;1,24459;1,24703
52;1,24432;1,24504
53;1,24432;1,24568
54;1,24432;1,24568
55;1,24475;1,24579
56;1,24517;1,24582
57;1,24446;1,24561
58;1,24493;1,2455
59;1,24407;1,24497
60;1,24378;1,2455
61;1,24395;1,24522
62;1,24484;1,24532
63;1,24504;1,24538
64;1,24484;1,24538
65;1,245;1,24538
66;1,24496;1,24538
67;1,24507;1,24528
68;1,24524;1,24538
69;1,24503;1,24538
70;1,24484;1,24526
71;1,24415;1,24538
72;1,24471;1,245
73;1,2433;1,24498
74;1,24359;1,24407
75;1,24332;1,24399
76;1,24385;1,24477
77;1,24445;1,24538
78;1,24445;1,24538
79;1,24443;1,24493
80;1,24426;1,24449
81;1,24419;1,24436
82;1,24423;1,24437
83;1,24417;1,24441
84;1,24325;1,24449
85;1,24417;1,24449
86;1,24376;1,2441
87;1,24361;1,24428
88;1,24402;1,24429
89;1,24417;1,24429
90;1,24402;1,24421
91;1,24397;1,24418
92;1,24401;1,24414
93;1,24354;1,24416
94;1,24378;1,24416
95;1,24369;1,24396
96;1,24281;1,24416
97;1,24383;1,24395
98;1,24266;1,2428
99;1,24;1,24275
100;1,24002;1,24146
101;1,24;1,24107
102;1,24014;1,2406
103;1,24;1,24032
104;1,24;1,24063
105;1,24;1,24063
106;1,24;1,2409
107;1,24047;1,24068
108;1,24048;1,24061
109;1,24;1,24057
110;1,24028;1,24058
111;1,24004;1,24061
112;1,24;1,24051
113;1,24;1,24038
114;1,24006;1,24024
115;1,24;1,24062
116;1,24;1,24049
117;1,24;1,24021
118;1,24;1,24049
119;1,24;1,24049
120;1,24017;1,24049
121;1,24;1,24049
122;1,24;1,24032
123;1,24;1,24018
124;1,24012;1,24018
125;1,24;1,24013
126;1,24;1,24008
127;1,24;1,24005
128;1,24;1,24014
129;1,24009;1,24034
130;1,24004;1,24032
131;1,24016;1,24032
132;1,24014;1,24026
133;1,24;1,24026
134;1,24;1,24026
135;1,24006;1,24026
136;1,24;1,24014
137;1,24008;1,2402
138;1,24006;1,2402
139;1,24006;1,24016
140;1,24004;1,24017
141;1,24;1,24017
142;1,24007;1,2402
143;1,24002;1,2402
144;1,24007;1,2402
145;1,24;1,2402
146;1,24;1,24015
147;1,24003;1,2402
148;1,24006;1,24013
149;1,24006;1,2402
150;1,24;1,24019
151;1,24013;1,24019
152;1,24;1,2401
153;1,24;1,24019
154;1,24;1,24019
155;1,24;1,24016
156;1,24;1,24012
157;1,24;1,24012
158;1,24;1,24012
159;1,24002;1,24012
160;1,24;1,24012
161;1,24;1,24012
162;1,24;1,24012
163;1,24006;1,24012
164;1,24;1,24008
165;1,24001;1,24004
166;1,24;1,24004
167;1,24;1,24001
168;1,24001;1,24001
169;1,24;1,24008
170;1,24;1,24008
171;1,24;1,24008
172;1,24002;1,24005
173;1,24004;1,24008
174;1,24;1,24008
175;1,24;1,24008
176;1,23999;1,24005
177;1,24005;1,24008
178;1,23998;1,24008
179;1,23995;1,24
180;1,23992;1,24008
181;1,23989;1,24007
182;1,23992;1,24004
183;1,23859;1,2395
184;1,23859;1,24008
185;1,23864;1,23967
186;1,23883;1,23923
187;1,23904;1,23957
188;1,23916;1,23942
189;1,23866;1,23942
190;1,23859;1,23955
191;1,23542;1,23878
192;1,23565;1,23955
193;1,23542;1,23955
194;1,23581;1,23955
195;1,23793;1,23955
196;1,23542;1,23955
197;1,23542;1,23648
198;1,23542;1,2369
199;1,23537;1,23619
200;1,23547;1,23609
201;1,23489;1,23511
202;1,23542;1,23658
203;1,23675;1,238
204;1,23552;1,23593
205;1,23453;1,23547
206;1,23494;1,23522
207;1,23514;1,23543
208;1,23505;1,23531
209;1,23494;1,23537
210;1,2352;1,23531
211;1;1,23531
212;1,08102;1,23531
213;1,00811;1,18233
214;1;1,06392
215;1,00069;1,09459
216;1,00069;1,09459
217;1;1,09459
218;1;1,13488
219;1;1,13488
220;1,04569;1,13488
221;1;1,09805
222;1;1,06359
223;1;1,04383
224;1,00038;1,04825
225;1;1,02644
226;1,00459;1,01304
227;1,00178;1,0108
228;1,01006;1,02503
229;1,00599;1,01893
230;1;1,01741
231;1;1,01211
232;1,00727;1,02644
233;1;1,01074
234;1;1,01141
235;1;1,08356
236;1,01328;1,08356
237;1,01328;1,02503
238;1,01918;1,02108
239;1,01978;1,02053
240;1,02037;1,02108
241;1,02071;1,02085
242;1,02076;1,02085
243;1,02073;1,02082
244;1;1,02082
245;1,0006;1,02082
246;1,00583;1,02082
247;1,00327;1,02034
248;1,00384;1,01052
249;1,00919;1,02034
250;1,01039;1,02034
251;1,00646;1,01612
252;1,00646;1,0179
253;1,00904;1,0141
254;1,0087;1,01205
255;1,00522;1,01241
256;1,0057;1,0179
257;1,0049;1,01209
258;1,00434;1,0119
259;1,00384;1,01053
260;1;1,01032
261;1,00425;1,01268
262;1,00295;1,00667
263;1;1,0179
264;1,00274;1,0179
265;1;1,01272
266;1,00164;1,00766
267;1;1,00709
268;1,00181;1,01179
269;1;1,00976
270;1,00254;1,00587
271;1,00009;1,00424
272;1;1,00325
273;1,00183;1,0025
274;1,00183;1,00219
275;1,00196;1,00209
276;1,00197;1,00204
277;1,00172;1,00201
278;1,00183;1,00199
279;1,00177;1,00204
280;1;1,00204
281;1,00003;1,00167
282;1,0002;1,00204
283;1,00013;1,00204
284;1,00148;1,00169
285;1,00013;1,0016
286;1,00004;1,0016
287;1;1,0016
288;1,00047;1,00099
289;1,00085;1,00113
290;1,00095;1,00113
291;1,00085;1,00113
292;1,00061;1,001
293;1,00069;1,001
294;1,00047;1,001
295;1,00047;1,0007
296;1,00056;1,00063
297;1,00057;1,00084
298;1,00059;1,00089
299;1,00077;1,00089
300;1,00045;1,00084
301;1,00044;1,00059
302;1,00044;1,00066
303;1,00011;1,0005
304;1,00033;1,00046
305;1,00042;1,00067
306;1,00034;1,00067
307;1,00043;1,00055
308;1,00044;1,00055
309;1,0002;1,00055
310;1;1,00055
311;1,00044;1,00055
312;1,00013;1,00055
313;1;1,0002
314;1;1,00031
315;1,00001;1,00009
316;1;1,00037
317;1,00006;1,0004
318;1;1,00037
319;1,00011;1,00037
320;1,00011;1,00037
321;1;1,00032
322;1;1,00036
323;1;1,00034
324;1,00015;1,00034
325;1,00015;1,00027
326;1,00004;1,00014
327;1;1,00027
328;1;1,00015
329;1;1,00027
330;1;1,00027
331;1;1,00027
332;1;1,0002
333;1,00009;1,0002
334;1;1,00019
335;1;1,00013
336;1,00006;1,00011
337;1,00006;1,0002
338;1,00008;1,0002
339;1;1,00019
340;1,00014;1,00016
341;1,00014;1,00016
342;1,00004;1,00011
343;1,00004;1,00011
344;1,00006;1,00012
345;1,00001;1,00013
346;1;1,00004
347;1;1,00008
348;1;1,00015
349;1,00004;1,00007
350;1;1,00009
351;1;1,00009
352;1;1,00007
353;1,00001;1,00002
354;1;1,00009
355;1,00003;1,00004
356;1;1,00009
357;1;1,00007
358;1,00002;1,00005
359;1;1,00007
360;1;1,00007
361;1;1,00009
362;1,00002;1,00009
363;1,00002;1,00009
364;1,00003;1,00009
365;1,00002;1,00009
366;1;1,00006
367;1,00003;1,00008
368;1;1,00008
369;1;1,00005
370;1;1,00009
371;1;1,00009
372;1;1,00007
373;1;1,00008
374;1,00001;1,00008
375;1,00001;1,00009
376;1,00004;1,00009
377;1,00005;1,00009
378;1,00004;1,00007
379;1;1,00007
380;1;1,00003
381;1;1,00004
382;1;1,00009
383;1,00003;1,00006
384;1,00005;1,00006
385;1;1,00006
386;1;1,00004
387;1;1,00004
388;1;1,00004
389;1,00001;1,00002
390;1;1,00002
391;1;1,00004
392;1,00001;1,00004
393;1;1,00004
394;1,00001;1,00004
395;1,00001;1,00004
396;1,00001;1,00003
397;1,00001;1,00004
398;1,00001;1,00004
399;1,00001;1,00004
400;1,00001;1,00003
401;1;1,00004
402;1,00002;1,00004
403;1;1,00004
404;1,00001;1,00004
405;1,00001;1,00004
406;1,00001;1,00004
407;1;1,00003
408;1;1,00004
409;1;1,00003
410;1;1,00005
411;1;1,00005
412;1;1,00004
413;1,00001;1,00003
414;1;1,00003
415;1;1,00002
416;1;1,00003
417;1;1,00002
418;1;1,00002
419;1;1,00001
420;1;1,00001
421;1,00002;1,00003
422;1;1,00003
423;1;1,00003
424;1;1,00003
425;1;1,00003
426;1;1,00003
427;1,00001;1,00003
428;1,00001;1,00001
429;1,00002;1,00003
430;1,00001;1,00003
431;1;1,00003
432;1;1,00002
433;1;1,00002
434;1;1,00001
435;1,00002;1,00003
436;1;1,00002
437;1;1,00003
438;1,00002;1,00003
439;1;1,00003
440;1;1,00003
441;1;1,00001
442;1;1,00003
443;1;1,00002
444;1;1,00002
445;1;1,00001
446;1,00002;1,00003
447;1,00001;1,00003
448;1;1,00003
449;1;1,00003
450;1;1,00003
451;1,00002;1,00003
452;1,00001;1,00003
453;1;1,00003
454;1;1,00003
455;1;1,00003
456;1,00001;1,00003
457;1,00001;1,00003
458;1;1,00003
459;1,00001;1,00003
460;1;1,00002
461;1;1,00002
462;1,00001;1,00003
463;1,00002;1,00003
464;1,00001;1,00003
465;1,00001;1,00003
466;1;1,00003
467;1;1,00003
468;1;1,00003
469;1;1,00001
470;1,00001;1,00002
471;1;1,00002
472;1;1,00001
473;1;1,00002
474;1;1
475;1;1
476;1;1,00002
477;1;1,00002
478;1;1,00002
479;1;1,00001
480;1;1,00001
481;1,00001;1,00001
482;1,00001;1,00001
483;1,00001;1,00001
484;1;1,00001
485;1;1,00001
486;1;1,00001
487;1;1,00001
488;1;1,00001
489;1;1,00001
490;1;1,00001
491;1;1,00001
492;1;1,00001
493;1;1,00001
494;1;1,00001
495;1;1,00001
496;1,00001;1,00001
497;1,00001;1,00001
498;1;1,00001
499;1;1,00001
500;1;1,00001
501;1;1,00001
502;1;1,00001
503;1;1,00001
504;1;1
505;1;1,00001
506;1;1,00001
507;1;1,00001
508;1;1,00001
509;1;1,00001
510;1;1,00001
511;1;1,00001
512;1,00001;1,00001
513;1;1,00001
514;1;1,00001
515;1;1,00001
516;1;1,00001
517;1;1,00001
518;1;1,00001
519;1;1,00001
520;1;1
521;1;1
522;1;1
523;1;1
524;1;1
525;1;1
526;1;1
527;1;1
528;1;1
529;1;1
530;1;1
531;1;1
532;1;1
533;1;1
534;1;1
535;1;1
536;1;1
537;1;1
538;1;1
539;1;1
540;1;1
541;1;1
542;1;1
543;1;1
544;1;1
545;1;1
546;1;1
547;1;1
548;1;1
549;1;1
550;1;1
551;1;1
552;1;1
553;1;1
554;1;1
555;1;1
556;1;1
557;1;1
558;1;1
559;1;1
560;1;1
561;1;1
562;1;1
563;1;1
564;1;1
565;1;1
566;1;1
567;1;1
568;1;1
569;1;1
570;1;1
571;1;1
572;1;1
573;1;1
574;1;1
575;1;1
576;1;1
577;1;1
578;1;1
579;1;1
580;1;1
581;1;1
582;1;1
583;1;1
584;1;1
585;1;1
586;1;1
587;1;1
588;1;1
589;1;1
590;1;1
591;1;1
592;1;1
593;1;1
594;1;1
595;1;1
596;1;1
597;1;1
598;1;1
599;1;1
600;1;1
601;1;1
602;1;1
603;1;1
604;1;1
605;1;1
606;1;1
607;1;1
608;1;1
609;1;1
610;1;1
611;1;1
612;1;1
613;1;1
614;1;1
615;1;1
616;1;1
617;1;1
618;1;1
619;1;1
620;1;1
621;1;1
622;1;1
623;1;1
624;1;1
625;1;1
626;1;1
627;1;1
628;1;1
629;1;1
630;1;1
631;1;1
632;1;1
633;1;1
634;1;1
635;1;1
636;1;1
637;1;1
638;1;1
639;1;1
640;1;1
641;1;1
642;1;1
643;1;1
644;1;1
645;1;1
646;1;1
647;1;1
648;1;1
649;1;1
650;1;1
651;1;1
652;1;1
653;1;1
654;1;1
655;1;1
656;1;1
657;1;1
658;1;1
659;1;1
660;1;1
661;1;1
662;1;1
663;1;1
664;1;1
665;1;1
666;1;1
667;1;1
668;1;1
669;1;1
670;1;1
671;1;1
672;1;1
673;1;1
674;1;1
675;1;1
676;1;1
677;1;1
678;1;1
679;1;1
680;1;1
681;1;1
682;1;1
683;1;1
684;1;1
685;1;1
686;1;1
687;1;1
688;1;1
689;1;1
690;1;1
691;1;1
692;1;1
693;1;1
694;1;1
695;1;1
696;1;1
697;1;1
698;1;1
699;1;1
700;1;1
701;1;1
702;1;1
703;1;1
704;1;1
705;1;1
706;1;1
707;1;1
708;1;1
709;1;1
710;1;1
711;1;1
712;1;1
713;1;1
714;1;1
715;1;1
716;1;1
717;1;1
718;1;1
719;1;1
720;1;1
721;1;1
722;1;1
723;1;1
724;1;1
725;1;1
726;1;1
727;1;1
728;1;1
729;1;1
730;1;1
731;1;1
732;1;1
733;1;1
734;1;1
735;1;1
736;1;1
737;1;1
738;1;1
739;1;1
740;1;1
741;1;1
742;1;1
743;1;1
744;1;1
745;1;1
746;1;1
747;1;1
748;1;1
749;1;1
750;1;1
751;1;1
752;1;1
753;1;1
754;1;1
755;1;1
756;1;1
757;1;1
758;1;1
759;1;1
760;1;1
761;1;1
762;1;1
763;1;1
764;1;1
765;1;1
766;1;1
767;1;1
768;1;1
769;1;1
770;1;1
771;1;1
772;1;1
773;1;1
774;1;1
775;1;1
776;1;1
777;1;1
778;1;1
779;1;1
780;1;1
781;1;1
782;1;1
783;1;1
784;1;1
785;1;1
786;1;1
787;1;1
788;1;1
789;1;1
790;1;1
791;1;1
792;1;1
793;1;1
794;1;1
795;1;1
796;1;1
797;1;1
798;1;1
799;1;1
800;1;1
801;1;1
802;1;1
803;1;1
804;1;1
805;1;1
806;1;1
807;1;1
808;1;1
809;1;1
810;1;1
811;1;1
812;1;1
813;1;1
814;1;1
815;1;1
816;1;1
817;1;1
818;1;1
819;1;1
820;1;1
821;1;1
822;1;1
823;1;1
824;1;1
825;1;1
826;1;1
827;1;1
828;1;1
829;1;1
830;1;1
831;1;1
832;1;1
833;1;1
834;1;1
835;1;1
836;1;1
837;1;1
838;1;1
839;1;1
840;1;1
841;1;1
842;1;1
843;1;1
844;1;1
845;1;1
846;1;1
847;1;1
848;1;1
849;1;1
850;1;1
851;1;1
852;1;1
853;1;1
854;1;1
855;1;1
856;1;1
857;1;1
858;1;1
859;1;1
860;1;1
861;1;1
862;1;1
863;1;1
864;1;1
865;1;1
866;1;1
867;1;1
868;1;1
869;1;1
870;1;1
871;1;1
872;1;1
873;1;1
874;1;1
875;1;1
876;1;1
877;1;1
878;1;1
879;1;1
880;1;1
881;1;1
882;1;1
883;1;1
884;1;1
885;1;1
886;1;1
887;1;1
888;1;1
889;1;1
890;1;1
891;1;1
892;1;1
893;1;1
894;1;1
895;1;1
896;1;1
897;1;1
898;1;1
899;1;1
900;1;1
901;1;1
902;1;1
903;1;1
904;1;1
905;1;1
906;1;1
907;1;1
908;1;1
909;1;1
910;1;1
911;1;1
912;1;1
913;1;1
914;1;1
915;1;1
916;1;1
917;1;1
918;1;1
919;1;1
920;1;1
921;1;1
922;1;1
923;1;1
924;1;1
925;1;1
926;1;1
927;1;1
928;1;1
929;1;1
930;1;1
931;1;1
932;1;1
933;1;1
934;1;1
935;1;1
936;1;1
937;1;1
938;1;1
939;1;1
940;1;1
941;1;1
942;1;1
943;1;1
944;1;1
945;1;1
946;1;1
947;1;1
948;1;1
949;1;1
950;1;1
951;1;1
952;1;1
953;1;1
954;1;1
955;1;1
956;1;1
957;1;1
958;1;1
959;1;1
960;1;1
961;1;1
962;1;1
963;1;1
964;1;1
965;1;1
966;1;1
967;1;1
968;1;1
969;1;1
970;1;1
971;1;1
972;1;1
973;1;1
974;1;1
975;1;1
976;1;1
977;1;1
978;1;1
979;1;1
980;1;1
981;1;1
982;1;1
983;1;1
984;1;1
985;1;1
986;1;1
987;1;1
988;1;1
989;1;1
990;1;1
991;1;1
992;1;1
993;1;1
994;1;1
995;1;1
996;1;1
997;1;1
998;1;1
999;1;1
1 000;1;1
1 001;1;1
1 002;1;1
1 003;1;1
1 004;1;1
1 005;1;1
1 006;1;1
1 007;1;1
1 008;1;1
1 009;1;1
1 010;1;1
1 011;1;1
1 012;1;1
1 013;1;1
1 014;1;1
1 015;1;1
1 016;1;1
1 017;1;1
1 018;1;1
1 019;1;1
1 020;1;1
1 021;1;1
1 022;1;1
1 023;1;1
1 024;1;1
1 025;1;1
1 026;1;1
1 027;1;1
1 028;1;1
1 029;1;1
1 030;1;1
1 031;1;1
1 032;1;1
1 033;1;1
1 034;1;1
1 035;1;1
1 036;1;1
1 037;1;1
1 038;1;1
1 039;1;1
1 040;1;1
1 041;1;1
1 042;1;1
1 043;1;1
1 044;1;1
1 045;1;1
1 046;1;1
1 047;1;1
1 048;1;1
1 049;1;1
1 050;1;1
1 051;1;1
1 052;1;1
1 053;1;1
1 054;1;1
1 055;1;1
1 056;1;1
1 057;1;1
1 058;1;1
1 059;1;1
1 060;1;1
1 061;1;1
1 062;1;1
1 063;1;1
1 064;1;1
1 065;1;1
1 066;1;1
1 067;1;1
1 068;1;1
1 069;1;1
1 070;1;1
1 071;1;1
1 072;1;1
1 073;1;1
1 074;1;1
1 075;1;1
1 076;1;1
1 077;1;1
1 078;1;1
1 079;1;1
1 080;1;1
1 081;1;1
1 082;1;1
1 083;1;1
1 084;1;1
1 085;1;1
1 086;1;1
1 087;1;1
1 088;1;1
1 089;1;1
1 090;1;1
1 091;1;1
1 092;1;1
1 093;1;1
1 094;1;1
1 095;1;1
1 096;1;1
1 097;1;1
1 098;1;1
1 099;1;1
1 100;1;1
1 101;1;1
1 102;1;1
1 103;1;1
1 104;1;1
1 105;1;1
1 106;1;1
1 107;1;1
1 108;1;1
1 109;1;1
1 110;1;1
1 111;1;1
1 112;1;1
1 113;1;1
1 114;1;1
1 115;1;1
1 116;1;1
1 117;1;1
1 118;1;1
1 119;1;1
1 120;1;1
1 121;1;1
1 122;1;1
1 123;1;1
1 124;1;1
1 125;1;1
1 126;1;1
1 127;1;1
1 128;1;1
1 129;1;1
1 130;1;1
1 131;1;1
1 132;1;1
1 133;1;1
1 134;1;1
1 135;1;1
1 136;1;1
1 137;1;1
1 138;1;1
1 139;1;1
1 140;1;1
1 141;1;1
1 142;1;1
1 143;1;1
1 144;1;1
1 145;1;1
1 146;1;1
1 147;1;1
1 148;1;1
1 149;1;1
1 150;1;1
1 151;1;1
1 152;1;1
1 153;1;1
1 154;1;1
1 155;1;1
1 156;1;1
1 157;1;1
1 158;1;1
1 159;1;1
1 160;1;1
1 161;1;1
1 162;1;1
1 163;1;1
1 164;1;1
1 165;1;1
1 166;1;1
1 167;1;1
1 168;1;1
1 169;1;1
1 170;1;1
1 171;1;1
1 172;1;1
1 173;1;1
1 174;1;1
1 175;1;1
1 176;1;1
1 177;1;1
1 178;1;1
1 179;1;1
1 180;1;1
1 181;1;1
1 182;1;1
1 183;1;1
1 184;1;1
1 185;1;1
1 186;1;1
1 187;1;1
1 188;1;1
1 189;1;1
1 190;1;1
1 191;1;1
1 192;1;1
1 193;1;1
1 194;1;1
1 195;1;1
1 196;1;1
1 197;1;1
1 198;1;1
1 199;1;1
1 200;1;1
1 201;1;1
1 202;1;1
1 203;1;1
1 204;1;1
1 205;1;1
1 206;1;1
1 207;1;1
1 208;1;1
1 209;1;1
1 210;1;1
1 211;1;1
1 212;1;1
1 213;1;1
1 214;1;1
1 215;1;1
1 216;1;1
1 217;1;1
1 218;1;1
1 219;1;1
1 220;1;1
1 221;1;1
1 222;1;1
1 223;1;1
1 224;1;1
1 225;1;1
1 226;1;1
1 227;1;1
1 228;1;1
1 229;1;1
1 230;1;1
1 231;1;1
1 232;1;1
1 233;1;1
1 234;1;1
1 235;1;1
1 236;1;1
1 237;1;1
1 238;1;1
1 239;1;1
1 240;1;1
1 241;1;1
1 242;1;1
1 243;1;1
1 244;1;1
1 245;1;1
1 246;1;1
1 247;1;1
1 248;1;1
1 249;1;1
1 250;1;1
1 251;1;1
1 252;1;1
1 253;1;1
1 254;1;1
1 255;1;1
1 256;1;1
1 257;1;1
1 258;1;1
1 259;1;1
1 260;1;1
1 261;1;1
1 262;1;1
1 263;1;1
1 264;1;1
1 265;1;1
1 266;1;1
1 267;1;1
1 268;1;1
1 269;1;1
1 270;1;1
1 271;1;1
1 272;1;1
1 273;1;1
1 274;1;1
1 275;1;1
1 276;1;1
1 277;1;1
1 278;1;1
1 279;1;1
1 280;1;1
1 281;1;1
1 282;1;1
1 283;1;1
1 284;1;1
1 285;1;1
1 286;1;1
1 287;1;1
1 288;1;1
1 289;1;1
1 290;1;1
1 291;1;1
1 292;1;1
1 293;1;1
1 294;1;1
1 295;1;1
1 296;1;1
1 297;1;1
1 298;1;1
1 299;1;1
1 300;1;1
1 301;1;1
1 302;1;1
1 303;1;1
1 304;1;1
1 305;1;1
1 306;1;1
1 307;1;1
1 308;1;1
1 309;1;1
1 310;1;1
1 311;1;1
1 312;1;1
1 313;1;1
1 314;1;1
1 315;1;1
1 316;1;1
1 317;1;1
1 318;1;1
1 319;1;1
1 320;1;1
1 321;1;1
1 322;1;1
1 323;1;1
1 324;1;1
1 325;1;1
1 326;1;1
1 327;1;1
1 328;1;1
1 329;1;1
1 330;1;1
1 331;1;1
1 332;1;1
1 333;1;1
1 334;1;1
1 335;1;1
1 336;1;1
1 337;1;1
1 338;1;1
1 339;1;1
1 340;1;1
1 341;1;1
1 342;1;1
1 343;1;1
1 344;1;1
1 345;1;1
1 346;1;1
1 347;1;1
1 348;1;1
1 349;1;1
1 350;1;1
1 351;1;1
1 352;1;1
1 353;1;1
1 354;1;1
1 355;1;1
1 356;1;1
1 357;1;1
1 358;1;1
1 359;1;1
1 360;1;1
1 361;1;1
1 362;1;1
1 363;1;1
1 364;1;1
1 365;1;1
1 366;1;1
1 367;1;1
1 368;1;1
1 369;1;1
1 370;1;1
1 371;1;1
1 372;1;1
1 373;1;1
1 374;1;1
1 375;1;1
1 376;1;1
1 377;1;1
1 378;1;1
1 379;1;1
1 380;1;1
1 381;1;1
1 382;1;1
1 383;1;1
1 384;1;1
1 385;1;1
1 386;1;1
1 387;1;1
1 388;1;1
1 389;1;1
1 390;1;1
1 391;1;1
1 392;1;1
1 393;1;1
1 394;1;1
1 395;1;1
1 396;1;1
1 397;1;1
1 398;1;1
1 399;1;1
1 400;1;1
1 401;1;1
1 402;1;1
1 403;1;1
1 404;1;1
1 405;1;1
1 406;1;1
1 407;1;1
1 408;1;1
1 409;1;1
1 410;1;1
1 411;1;1
1 412;1;1
1 413;1;1
1 414;1;1
1 415;1;1
1 416;1;1
1 417;1;1
1 418;1;1
1 419;1;1
1 420;1;1
1 421;1;1
1 422;1;1
1 423;1;1
1 424;1;1
1 425;1;1
1 426;1;1
1 427;1;1
1 428;1;1
1 429;1;1
1 430;1;1
1 431;1;1
1 432;1;1
1 433;1;1
1 434;1;1
1 435;1;1
1 436;1;1
1 437;1;1
1 438;1;1
1 439;1;1
1 440;1;1
1 441;1;1
1 442;1;1
1 443;1;1
1 444;1;1
1 445;1;1
1 446;1;1
1 447;1;1
1 448;1;1
1 449;1;1
1 450;1;1
1 451;1;1
1 452;1;1
1 453;1;1
1 454;1;1
1 455;1;1
1 456;1;1
1 457;1;1
1 458;1;1
1 459;1;1
1 460;1;1
1 461;1;1
1 462;1;1
1 463;1;1
1 464;1;1
1 465;1;1
1 466;1;1
1 467;1;1
1 468;1;1
1 469;1;1
1 470;1;1
1 471;1;1
1 472;1;1
1 473;1;1
1 474;1;1
1 475;1;1
1 476;1;1
1 477;1;1
1 478;1;1
1 479;1;1
1 480;1;1
1 481;1;1
1 482;1;1
1 483;1;1
1 484;1;1
1 485;1;1
1 486;1;1
1 487;1;1
1 488;1;1
1 489;1;1
1 490;1;1
1 491;1;1
1 492;1;1
1 493;1;1
1 494;1;1
1 495;1;1
1 496;1;1
1 497;1;1
1 498;1;1
1 499;1;1
1 500;1;1
1 501;1;1
1 502;1;1
1 503;1;1
1 504;1;1
1 505;1;1
1 506;1;1
1 507;1;1
1 508;1;1
1 509;1;1
1 510;1;1
1 511;1;1
1 512;1;1
1 513;1;1
1 514;1;1
1 515;1;1
1 516;1;1
1 517;1;1
1 518;1;1
1 519;1;1
1 520;1;1
1 521;1;1
1 522;1;1
1 523;1;1
1 524;1;1
1 525;1;1
1 526;1;1
1 527;1;1
1 528;1;1
1 529;1;1
1 530;1;1
1 531;1;1
1 532;1;1
1 533;1;1
1 534;1;1
1 535;1;1
1 536;1;1
1 537;1;1
1 538;1;1
1 539;1;1
1 540;1;1
1 541;1;1
1 542;1;1
1 543;1;1
1 544;1;1
1 545;1;1
1 546;1;1
1 547;1;1
1 548;1;1
1 549;1;1
1 550;1;1
1 551;1;1
1 552;1;1
1 553;1;1
1 554;1;1
1 555;1;1
1 556;1;1
1 557;1;1
1 558;1;1
1 559;1;1
1 560;1;1
1 561;1;1
1 562;1;1
1 563;1;1
1 564;1;1
1 565;1;1
1 566;1;1
1 567;1;1
1 568;1;1
1 569;1;1
1 570;1;1
1 571;1;1
1 572;1;1
1 573;1;1
1 574;1;1
1 575;1;1
1 576;1;1
1 577;1;1
1 578;1;1
1 579;1;1
1 580;1;1
1 581;1;1
1 582;1;1
1 583;1;1
1 584;1;1
1 585;1;1
1 586;1;1
1 587;1;1
1 588;1;1
1 589;1;1
1 590;1;1
1 591;1;1
1 592;1;1
1 593;1;1
1 594;1;1
1 595;1;1
1 596;1;1
1 597;1;1
1 598;1;1
1 599;1;1
1 600;1;1
1 601;1;1
1 602;1;1
1 603;1;1
1 604;1;1
1 605;1;1
1 606;1;1
1 607;1;1
1 608;1;1
1 609;1;1
1 610;1;1
1 611;1;1
1 612;1;1
1 613;1;1
1 614;1;1
1 615;1;1
1 616;1;1
1 617;1;1
1 618;1;1
1 619;1;1
1 620;1;1
1 621;1;1
1 622;1;1
1 623;1;1
1 624;1;1
1 625;1;1
1 626;1;1
1 627;1;1
1 628;1;1
1 629;1;1
1 630;1;1
1 631;1;1
1 632;1;1
1 633;1;1
1 634;1;1
1 635;1;1
1 636;1;1
1 637;1;1
1 638;1;1
1 639;1;1
1 640;1;1
1 641;1;1
1 642;1;1
1 643;1;1
1 644;1;1
1 645;1;1
1 646;1;1
1 647;1;1
1 648;1;1
1 649;1;1
1 650;1;1
1 651;1;1
1 652;1;1
1 653;1;1
1 654;1;1
1 655;1;1
1 656;1;1
1 657;1;1
1 658;1;1
1 659;1;1
1 660;1;1
1 661;1;1
1 662;1;1
1 663;1;1
1 664;1;1
1 665;1;1
1 666;1;1
1 667;1;1
1 668;1;1
1 669;1;1
1 670;1;1
1 671;1;1
1 672;1;1
1 673;1;1
1 674;1;1
1 675;1;1
1 676;1;1
1 677;1;1
1 678;1;1
1 679;1;1
1 680;1;1
1 681;1;1
1 682;1;1
1 683;1;1
1 684;1;1
1 685;1;1
1 686;1;1
1 687;1;1
1 688;1;1
1 689;1;1
1 690;1;1
1 691;1;1
1 692;1;1
1 693;1;1
1 694;1;1
1 695;1;1
1 696;1;1
1 697;1;1
1 698;1;1
1 699;1;1
1 700;1;1
1 701;1;1
1 702;1;1
1 703;1;1
1 704;1;1
1 705;1;1
1 706;1;1
1 707;1;1
1 708;1;1
1 709;1;1
1 710;1;1
1 711;1;1
1 712;1;1
1 713;1;1
1 714;1;1
1 715;1;1
1 716;1;1
1 717;1;1
1 718;1;1
1 719;1;1
1 720;1;1
1 721;1;1
1 722;1;1
1 723;1;1
1 724;1;1
1 725;1;1
1 726;1;1
1 727;1;1
1 728;1;1
1 729;1;1
1 730;1;1
1 731;1;1
1 732;1;1
1 733;1;1
1 734;1;1
1 735;1;1
1 736;1;1
1 737;1;1
1 738;1;1
1 739;1;1
1 740;1;1
1 741;1;1
1 742;1;1
1 743;1;1
1 744;1;1
1 745;1;1
1 746;1;1
1 747;1;1
1 748;1;1
1 749;1;1
1 750;1;1
1 751;1;1
1 752;1;1
1 753;1;1
1 754;1;1
1 755;1;1
1 756;1;1
1 757;1;1
1 758;1;1
1 759;1;1
1 760;1;1
1 761;1;1
1 762;1;1
1 763;1;1
1 764;1;1
1 765;1;1
1 766;1;1
1 767;1;1
1 768;1;1
1 769;1;1
1 770;1;1
1 771;1;1
1 772;1;1
1 773;1;1
1 774;1;1
1 775;1;1
1 776;1;1
1 777;1;1
1 778;1;1
1 779;1;1
1 780;1;1
1 781;1;1
1 782;1;1
1 783;1;1
1 784;1;1
1 785;1;1
1 786;1;1
1 787;1;1
1 788;1;1
1 789;1;1
1 790;1;1
1 791;1;1
1 792;1;1
1 793;1;1
1 794;1;1
1 795;1;1
1 796;1;1
1 797;1;1
1 798;1;1
1 799;1;1
1 800;1;1
1 801;1;1
1 802;1;1
1 803;1;1
1 804;1;1
1 805;1;1
1 806;1;1
1 807;1;1
1 808;1;1
1 809;1;1
1 810;1;1
1 811;1;1
1 812;1;1
1 813;1;1
1 814;1;1
1 815;1;1
1 816;1;1
1 817;1;1
1 818;1;1
1 819;1;1
1 820;1;1
1 821;1;1
1 822;1;1
1 823;1;1
1 824;1;1
1 825;1;1
1 826;1;1
1 827;1;1
1 828;1;1
1 829;1;1
1 830;1;1
1 831;1;1
1 832;1;1
1 833;1;1
1 834;1;1
1 835;1;1
1 836;1;1
1 837;1;1
1 838;1;1
1 839;1;1
1 840;1;1
1 841;1;1
1 842;1;1
1 843;1;1
1 844;1;1
1 845;1;1
1 846;1;1
1 847;1;1
1 848;1;1
1 849;1;1
1 850;1;1
1 851;1;1
1 852;1;1
1 853;1;1
1 854;1;1
1 855;1;1
1 856;1;1
1 857;1;1
1 858;1;1
1 859;1;1
1 860;1;1
1 861;1;1
1 862;1;1
1 863;1;1
1 864;1;1
1 865;1;1
1 866;1;1
1 867;1;1
1 868;1;1
1 869;1;1
1 870;1;1
1 871;1;1
1 872;1;1
1 873;1;1
1 874;1;1
1 875;1;1
1 876;1;1
1 877;1;1
1 878;1;1
1 879;1;1
1 880;1;1
1 881;1;1
1 882;1;1
1 883;1;1
1 884;1;1
1 885;1;1
1 886;1;1
1 887;1;1
1 888;1;1
1 889;1;1
1 890;1;1
1 891;1;1
1 892;1;1
1 893;1;1
1 894;1;1
1 895;1;1
1 896;1;1
1 897;1;1
1 898;1;1
1 899;1;1
1 900;1;1
1 901;1;1
1 902;1;1
1 903;1;1
1 904;1;1
1 905;1;1
1 906;1;1
1 907;1;1
1 908;1;1
1 909;1;1
1 910;1;1
1 911;1;1
1 912;1;1
1 913;1;1
1 914;1;1
1 915;1;1
1 916;1;1
1 917;1;1
1 918;1;1
1 919;1;1
1 920;1;1
1 921;1;1
1 922;1;1
1 923;1;1
1 924;1;1
1 925;1;1
1 926;1;1
1 927;1;1
1 928;1;1
1 929;1;1
1 930;1;1
1 931;1;1
1 932;1;1
1 933;1;1
1 934;1;1
1 935;1;1
1 936;1;1
1 937;1;1
1 938;1;1
1 939;1;1
1 940;1;1
1 941;1;1
1 942;1;1
1 943;1;1
1 944;1;1
1 945;1;1
1 946;1;1
1 947;1;1
1 948;1;1
1 949;1;1
1 950;1;1
1 951;1;1
1 952;1;1
1 953;1;1
1 954;1;1
1 955;1;1
1 956;1;1
1 957;1;1
1 958;1;1
1 959;1;1
1 960;1;1
1 961;1;1
1 962;1;1
1 963;1;1
1 964;1;1
1 965;1;1
1 966;1;1
1 967;1;1
1 968;1;1
1 969;1;1
1 970;1;1
1 971;1;1
1 972;1;1
1 973;1;1
1 974;1;1
1 975;1;1
1 976;1;1
1 977;1;1
1 978;1;1
1 979;1;1
1 980;1;1
1 981;1;1
1 982;1;1
1 983;1;1
1 984;1;1
1 985;1;1
1 986;1;1
1 987;1;1
1 988;1;1
1 989;1;1
1 990;1;1
1 991;1;1
1 992;1;1
1 993;1;1
1 994;1;1
1 995;1;1
1 996;1;1
1 997;1;1
1 998;1;1
1 999;1;1
2 000;1;1
2 001;1;1
2 002;1;1
2 003;1;1
2 004;1;1
2 005;1;1
2 006;1;1
2 007;1;1
2 008;1;1
2 009;1;1
2 010;1;1
2 011;1;1
2 012;1;1
2 013;1;1
2 014;1;1
2 015;1;1
2 016;1;1
2 017;1;1
2 018;1;1
2 019;1;1
2 020;1;1
2 021;1;1
2 022;1;1
2 023;1;1
2 024;1;1
2 025;1;1
2 026;1;1
2 027;1;1
2 028;1;1
2 029;1;1
2 030;1;1
2 031;1;1
2 032;1;1
2 033;1;1
2 034;1;1
2 035;1;1
2 036;1;1
2 037;1;1
2 038;1;1
2 039;1;1
2 040;1;1
2 041;1;1
2 042;1;1
2 043;1;1
2 044;1;1
2 045;1;1
2 046;1;1
2 047;1;1
2 048;1;1
2 049;1;1
2 050;1;1
2 051;1;1
2 052;1;1
2 053;1;1
2 054;1;1
2 055;1;1
2 056;1;1
2 057;1;1
2 058;1;1
2 059;1;1
2 060;1;1
2 061;1;1
2 062;1;1
2 063;1;1
2 064;1;1
2 065;1;1
2 066;1;1
2 067;1;1
2 068;1;1
2 069;1;1
2 070;1;1
2 071;1;1
2 072;1;1
2 073;1;1
2 074;1;1
2 075;1;1
2 076;1;1
2 077;1;1
2 078;1;1
2 079;1;1
2 080;1;1
2 081;1;1
2 082;1;1
2 083;1;1
2 084;1;1
2 085;1;1
2 086;1;1
2 087;1;1
2 088;1;1
2 089;1;1
2 090;1;1
2 091;1;1
2 092;1;1
2 093;1;1
2 094;1;1
2 095;1;1
2 096;1;1
2 097;1;1
2 098;1;1
2 099;1;1
2 100;1;1
2 101;1;1
2 102;1;1
2 103;1;1
2 104;1;1
2 105;1;1
2 106;1;1
2 107;1;1
2 108;1;1
2 109;1;1
2 110;1;1
2 111;1;1
2 112;1;1
2 113;1;1
2 114;1;1
2 115;1;1
2 116;1;1
2 117;1;1
2 118;1;1
2 119;1;1
2 120;1;1
2 121;1;1
2 122;1;1
2 123;1;1
2 124;1;1
2 125;1;1
2 126;1;1
2 127;1;1
2 128;1;1
2 129;1;1
2 130;1;1
2 131;1;1
2 132;1;1
2 133;1;1
2 134;1;1
2 135;1;1
2 136;1;1
2 137;1;1
2 138;1;1
2 139;1;1
2 140;1;1
2 141;1;1
2 142;1;1
2 143;1;1
2 144;1;1
2 145;1;1
2 146;1;1
2 147;1;1
2 148;1;1
2 149;1;1
2 150;1;1
2 151;1;1
2 152;1;1
2 153;1;1
2 154;1;1
2 155;1;1
2 156;1;1
2 157;1;1
2 158;1;1
2 159;1;1
2 160;1;1
2 161;1;1
2 162;1;1
2 163;1;1
2 164;1;1
2 165;1;1
2 166;1;1
2 167;1;1
2 168;1;1
2 169;1;1
2 170;1;1
2 171;1;1
2 172;1;1
2 173;1;1
2 174;1;1
2 175;1;1
2 176;1;1
2 177;1;1
2 178;1;1
2 179;1;1
2 180;1;1
2 181;1;1
2 182;1;1
2 183;1;1
2 184;1;1
2 185;1;1
2 186;1;1
2 187;1;1
2 188;1;1
2 189;1;1
2 190;1;1
2 191;1;1
2 192;1;1
2 193;1;1
2 194;1;1
2 195;1;1
2 196;1;1
2 197;1;1
2 198;1;1
2 199;1;1
2 200;1;1
2 201;1;1
2 202;1;1
2 203;1;1
2 204;1;1
2 205;1;1
2 206;1;1
2 207;1;1
2 208;1;1
2 209;1;1
2 210;1;1
2 211;1;1
2 212;1;1
2 213;1;1
2 214;1;1
2 215;1;1
2 216;1;1
2 217;1;1
2 218;1;1
2 219;1;1
2 220;1;1
2 221;1;1
2 222;1;1
2 223;1;1
2 224;1;1
2 225;1;1
2 226;1;1
2 227;1;1
2 228;1;1
2 229;1;1
2 230;1;1
2 231;1;1
2 232;1;1
2 233;1;1
2 234;1;1
2 235;1;1
2 236;1;1
2 237;1;1
2 238;1;1
2 239;1;1
2 240;1;1
2 241;1;1
2 242;1;1
2 243;1;1
2 244;1;1
2 245;1;1
2 246;1;1
2 247;1;1
2 248;1;1
2 249;1;1
2 250;1;1
2 251;1;1
2 252;1;1
2 253;1;1
2 254;1;1
2 255;1;1
2 256;1;1
2 257;1;1
2 258;1;1
2 259;1;1
2 260;1;1
2 261;1;1
2 262;1;1
2 263;1;1
2 264;1;1
2 265;1;1
2 266;1;1
2 267;1;1
2 268;1;1
2 269;1;1
2 270;1;1
2 271;1;1
2 272;1;1
2 273;1;1
2 274;1;1
2 275;1;1
2 276;1;1
2 277;1;1
2 278;1;1
2 279;1;1
2 280;1;1
2 281;1;1
2 282;1;1
2 283;1;1
2 284;1;1
2 285;1;1
2 286;1;1
2 287;1;1
2 288;1;1
2 289;1;1
2 290;1;1
2 291;1;1
2 292;1;1
2 293;1;1
2 294;1;1
2 295;1;1
2 296;1;1
2 297;1;1
2 298;1;1
2 299;1;1
2 300;1;1
2 301;1;1
2 302;1;1
2 303;1;1
2 304;1;1
2 305;1;1
2 306;1;1
2 307;1;1
2 308;1;1
2 309;1;1
2 310;1;1
2 311;1;1
2 312;1;1
2 313;1;1
2 314;1;1
2 315;1;1
2 316;1;1
2 317;1;1
2 318;1;1
2 319;1;1
2 320;1;1
2 321;1;1
2 322;1;1
2 323;1;1
2 324;1;1
2 325;1;1
2 326;1;1
2 327;1;1
2 328;1;1
2 329;1;1
2 330;1;1
2 331;1;1
2 332;1;1
2 333;1;1
2 334;1;1
2 335;1;1
2 336;1;1
2 337;1;1
2 338;1;1
2 339;1;1
2 340;1;1
2 341;1;1
2 342;1;1
2 343;1;1
2 344;1;1
2 345;1;1
2 346;1;1
2 347;1;1
2 348;1;1
2 349;1;1
2 350;1;1
2 351;1;1
2 352;1;1
2 353;1;1
2 354;1;1
2 355;1;1
2 356;1;1
2 357;1;1
2 358;1;1
2 359;1;1
2 360;1;1
2 361;1;1
2 362;1;1
2 363;1;1
2 364;1;1
2 365;1;1
2 366;1;1
2 367;1;1
2 368;1;1
2 369;1;1
2 370;1;1
2 371;1;1
2 372;1;1
2 373;1;1
2 374;1;1
2 375;1;1
2 376;1;1
2 377;1;1
2 378;1;1
2 379;1;1
2 380;1;1
2 381;1;1
2 382;1;1
2 383;1;1
2 384;1;1
2 385;1;1
2 386;1;1
2 387;1;1
2 388;1;1
2 389;1;1
2 390;1;1
2 391;1;1
2 392;1;1
2 393;1;1
2 394;1;1
2 395;1;1
2 396;1;1
2 397;1;1
2 398;1;1
2 399;1;1
2 400;1;1
2 401;1;1
2 402;1;1
2 403;1;1
2 404;1;1
2 405;1;1
2 406;1;1
2 407;1;1
2 408;1;1
2 409;1;1
2 410;1;1
2 411;1;1
2 412;1;1
2 413;1;1
2 414;1;1
2 415;1;1
2 416;1;1
2 417;1;1
2 418;1;1
2 419;1;1
2 420;1;1
2 421;1;1
2 422;1;1
2 423;1;1
2 424;1;1
2 425;1;1
2 426;1;1
2 427;1;1
2 428;1;1
2 429;1;1
2 430;1;1
2 431;1;1
2 432;1;1
2 433;1;1
2 434;1;1
2 435;1;1
2 436;1;1
2 437;1;1
2 438;1;1
2 439;1;1
2 440;1;1
2 441;1;1
2 442;1;1
2 443;1;1
2 444;1;1
2 445;1;1
2 446;1;1
2 447;1;1
2 448;1;1
2 449;1;1
2 450;1;1
2 451;1;1
2 452;1;1
2 453;1;1
2 454;1;1
2 455;1;1
2 456;1;1
2 457;1;1
2 458;1;1
2 459;1;1
2 460;1;1
2 461;1;1
2 462;1;1
2 463;1;1
2 464;1;1
2 465;1;1
2 466;1;1
2 467;1;1
2 468;1;1
2 469;1;1
2 470;1;1
2 471;1;1
2 472;1;1
2 473;1;1
2 474;1;1
2 475;1;1
2 476;1;1
2 477;1;1
2 478;1;1
2 479;1;1
2 480;1;1
2 481;1;1
2 482;1;1
2 483;1;1
2 484;1;1
2 485;1;1
2 486;1;1
2 487;1;1
2 488;1;1
2 489;1;1
2 490;1;1
2 491;1;1
2 492;1;1
2 493;1;1
2 494;1;1
2 495;1;1
2 496;1;1
2 497;1;1
2 498;1;1
2 499;1;1
2 500;1;1
2 501;1;1
2 502;1;1
2 503;1;1
2 504;1;1
2 505;1;1
2 506;1;1
2 507;1;1
2 508;1;1
2 509;1;1
2 510;1;1
2 511;1;1
2 512;1;1
2 513;1;1
2 514;1;1
2 515;1;1
2 516;1;1
2 517;1;1
2 518;1;1
2 519;1;1
2 520;1;1
2 521;1;1
2 522;1;1
2 523;1;1
2 524;1;1
2 525;1;1
2 526;1;1
2 527;1;1
2 528;1;1
2 529;1;1
2 530;1;1
2 531;1;1
2 532;1;1
2 533;1;1
2 534;1;1
2 535;1;1
2 536;1;1
2 537;1;1
2 538;1;1
2 539;1;1
2 540;1;1
2 541;1;1
2 542;1;1
2 543;1;1
2 544;1;1
2 545;1;1
2 546;1;1
2 547;1;1
2 548;1;1
2 549;1;1
2 550;1;1
2 551;1;1
2 552;1;1
2 553;1;1
2 554;1;1
2 555;1;1
2 556;1;1
2 557;1;1
2 558;1;1
2 559;1;1
2 560;1;1
2 561;1;1
2 562;1;1
2 563;1;1
2 564;1;1
2 565;1;1
2 566;1;1
2 567;1;1
2 568;1;1
2 569;1;1
2 570;1;1
2 571;1;1
2 572;1;1
2 573;1;1
2 574;1;1
2 575;1;1
2 576;1;1
2 577;1;1
2 578;1;1
2 579;1;1
2 580;1;1
2 581;1;1
2 582;1;1
2 583;1;1
2 584;1;1
2 585;1;1
2 586;1;1
2 587;1;1
2 588;1;1
2 589;1;1
2 590;1;1
2 591;1;1
2 592;1;1
2 593;1;1
2 594;1;1
2 595;1;1
2 596;1;1
2 597;1;1
2 598;1;1
2 599;1;1
2 600;1;1
2 601;1;1
2 602;1;1
2 603;1;1
2 604;1;1
2 605;1;1
2 606;1;1
2 607;1;1
2 608;1;1
2 609;1;1
2 610;1;1
2 611;1;1
2 612;1;1
2 613;1;1
2 614;1;1
2 615;1;1
2 616;1;1
2 617;1;1
2 618;1;1
2 619;1;1
2 620;1;1
2 621;1;1
2 622;1;1
2 623;1;1
2 624;1;1
2 625;1;1
2 626;1;1
2 627;1;1
2 628;1;1
2 629;1;1
2 630;1;1
2 631;1;1
2 632;1;1
2 633;1;1
2 634;1;1
2 635;1;1
2 636;1;1
2 637;1;1
2 638;1;1
2 639;1;1
2 640;1;1
2 641;1;1
2 642;1;1
2 643;1;1
2 644;1;1
2 645;1;1
2 646;1;1
2 647;1;1
2 648;1;1
2 649;1;1
2 650;1;1
2 651;1;1
2 652;1;1
2 653;1;1
2 654;1;1
2 655;1;1
2 656;1;1
2 657;1;1
2 658;1;1
2 659;1;1
2 660;1;1
2 661;1;1
2 662;1;1
2 663;1;1
2 664;1;1
2 665;1;1
2 666;1;1
2 667;1;1
2 668;1;1
2 669;1;1
2 670;1;1
2 671;1;1
2 672;1;1
2 673;1;1
2 674;1;1
2 675;1;1
2 676;1;1
2 677;1;1
2 678;1;1
2 679;1;1
2 680;1;1
2 681;1;1
2 682;1;1
2 683;1;1
2 684;1;1
2 685;1;1
2 686;1;1
2 687;1;1
2 688;1;1
2 689;1;1
2 690;1;1
2 691;1;1
2 692;1;1
2 693;1;1
2 694;1;1
2 695;1;1
2 696;1;1
2 697;1;1
2 698;1;1
2 699;1;1
2 700;1;1
2 701;1;1
2 702;1;1
2 703;1;1
2 704;1;1
2 705;1;1
2 706;1;1
2 707;1;1
2 708;1;1
2 709;1;1
2 710;1;1
2 711;1;1
2 712;1;1
2 713;1;1
2 714;1;1
2 715;1;1
2 716;1;1
2 717;1;1
2 718;1;1
2 719;1;1
2 720;1;1
2 721;1;1
2 722;1;1
2 723;1;1
2 724;1;1
2 725;1;1
2 726;1;1
2 727;1;1
2 728;1;1
2 729;1;1
2 730;1;1
2 731;1;1
2 732;1;1
2 733;1;1
2 734;1;1
2 735;1;1
2 736;1;1
2 737;1;1
2 738;1;1
2 739;1;1
2 740;1;1
2 741;1;1
2 742;1;1
2 743;1;1
2 744;1;1
2 745;1;1
2 746;1;1
2 747;1;1
2 748;1;1
2 749;1;1
2 750;1;1
2 751;1;1
2 752;1;1
2 753;1;1
2 754;1;1
2 755;1;1
2 756;1;1
2 757;1;1
2 758;1;1
2 759;1;1
2 760;1;1
2 761;1;1
2 762;1;1
2 763;1;1
2 764;1;1
2 765;1;1
2 766;1;1
2 767;1;1
2 768;1;1
2 769;1;1
2 770;1;1
2 771;1;1
2 772;1;1
2 773;1;1
2 774;1;1
2 775;1;1
2 776;1;1
2 777;1;1
2 778;1;1
2 779;1;1
2 780;1;1
2 781;1;1
2 782;1;1
2 783;1;1
2 784;1;1
2 785;1;1
2 786;1;1
2 787;1;1
2 788;1;1
2 789;1;1
2 790;1;1
2 791;1;1
2 792;1;1
2 793;1;1
2 794;1;1
2 795;1;1
2 796;1;1
2 797;1;1
2 798;1;1
2 799;1;1
2 800;1;1
2 801;1;1
2 802;1;1
2 803;1;1
2 804;1;1
2 805;1;1
2 806;1;1
2 807;1;1
2 808;1;1
2 809;1;1
2 810;1;1
2 811;1;1
2 812;1;1
2 813;1;1
2 814;1;1
2 815;1;1
2 816;1;1
2 817;1;1
2 818;1;1
2 819;1;1
2 820;1;1
2 821;1;1
2 822;1;1
2 823;1;1
2 824;1;1
2 825;1;1
2 826;1;1
2 827;1;1
2 828;1;1
2 829;1;1
2 830;1;1
2 831;1;1
2 832;1;1
2 833;1;1
2 834;1;1
2 835;1;1
2 836;1;1
2 837;1;1
2 838;1;1
2 839;1;1
2 840;1;1
2 841;1;1
2 842;1;1
2 843;1;1
2 844;1;1
2 845;1;1
2 846;1;1
2 847;1;1
2 848;1;1
2 849;1;1
2 850;1;1
2 851;1;1
2 852;1;1
2 853;1;1
2 854;1;1
2 855;1;1
2 856;1;1
2 857;1;1
2 858;1;1
2 859;1;1
2 860;1;1
2 861;1;1
2 862;1;1
2 863;1;1
2 864;1;1
2 865;1;1
2 866;1;1
2 867;1;1
2 868;1;1
2 869;1;1
2 870;1;1
2 871;1;1
2 872;1;1
2 873;1;1
2 874;1;1
2 875;1;1
2 876;1;1
2 877;1;1
2 878;1;1
2 879;1;1
2 880;1;1
2 881;1;1
2 882;1;1
2 883;1;1
2 884;1;1
2 885;1;1
2 886;1;1
2 887;1;1
2 888;1;1
2 889;1;1
2 890;1;1
2 891;1;1
2 892;1;1
2 893;1;1
2 894;1;1
2 895;1;1
2 896;1;1
2 897;1;1
2 898;1;1
2 899;1;1
2 900;1;1
2 901;1;1
2 902;1;1
2 903;1;1
2 904;1;1
2 905;1;1
2 906;1;1
2 907;1;1
2 908;1;1
2 909;1;1
2 910;1;1
2 911;1;1
2 912;1;1
2 913;1;1
2 914;1;1
2 915;1;1
2 916;1;1
2 917;1;1
2 918;1;1
2 919;1;1
2 920;1;1
2 921;1;1
2 922;1;1
2 923;1;1
2 924;1;1
2 925;1;1
2 926;1;1
2 927;1;1
2 928;1;1
2 929;1;1
2 930;1;1
2 931;1;1
2 932;1;1
2 933;1;1
2 934;1;1
2 935;1;1
2 936;1;1
2 937;1;1
2 938;1;1
2 939;1;1
2 940;1;1
2 941;1;1
2 942;1;1
2 943;1;1
2 944;1;1
2 945;1;1
2 946;1;1
2 947;1;1
2 948;1;1
2 949;1;1
2 950;1;1
2 951;1;1
2 952;1;1
2 953;1;1
2 954;1;1
2 955;1;1
2 956;1;1
2 957;1;1
2 958;1;1
2 959;1;1
2 960;1;1
2 961;1;1
2 962;1;1
2 963;1;1
2 964;1;1
2 965;1;1
2 966;1;1
2 967;1;1
2 968;1;1
2 969;1;1
2 970;1;1
2 971;1;1
2 972;1;1
2 973;1;1
2 974;1;1
2 975;1;1
2 976;1;1
2 977;1;1
2 978;1;1
2 979;1;1
2 980;1;1
2 981;1;1
2 982;1;1
2 983;1;1
2 984;1;1
2 985;1;1
2 986;1;1
2 987;1;1
2 988;1;1
2 989;1;1
2 990;1;1
2 991;1;1
2 992;1;1
2 993;1;1
2 994;1;1
2 995;1;1
2 996;1;1
2 997;1;1
2 998;1;1
2 999;1;1
3 000;1;1
3 001;1;1
3 002;1;1
3 003;1;1
3 004;1;1
3 005;1;1
3 006;1;1
3 007;1;1
3 008;1;1
3 009;1;1
3 010;1;1
3 011;1;1
3 012;1;1
3 013;1;1
3 014;1;1
3 015;1;1
3 016;1;1
3 017;1;1
3 018;1;1
3 019;1;1
3 020;1;1
3 021;1;1
3 022;1;1
3 023;1;1
3 024;1;1
3 025;1;1
3 026;1;1
3 027;1;1
3 028;1;1
3 029;1;1
3 030;1;1
3 031;1;1
3 032;1;1
3 033;1;1
3 034;1;1
3 035;1;1
3 036;1;1
3 037;1;1
3 038;1;1
3 039;1;1
3 040;1;1
3 041;1;1
3 042;1;1
3 043;1;1
3 044;1;1
3 045;1;1
3 046;1;1
3 047;1;1
3 048;1;1
3 049;1;1
3 050;1;1
3 051;1;1
3 052;1;1
3 053;1;1
3 054;1;1
3 055;1;1
3 056;1;1
3 057;1;1
3 058;1;1
3 059;1;1
3 060;1;1
3 061;1;1
3 062;1;1
3 063;1;1
3 064;1;1
3 065;1;1
3 066;1;1
3 067;1;1
3 068;1;1
3 069;1;1
3 070;1;1
3 071;1;1
3 072;1;1
3 073;1;1
3 074;1;1
3 075;1;1
3 076;1;1
3 077;1;1
3 078;1;1
3 079;1;1
3 080;1;1
3 081;1;1
3 082;1;1
3 083;1;1
3 084;1;1
3 085;1;1
3 086;1;1
3 087;1;1
3 088;1;1
3 089;1;1
3 090;1;1
3 091;1;1
3 092;1;1
3 093;1;1
3 094;1;1
3 095;1;1
3 096;1;1
3 097;1;1
3 098;1;1
3 099;1;1
3 100;1;1
3 101;1;1
3 102;1;1
3 103;1;1
3 104;1;1
3 105;1;1
3 106;1;1
3 107;1;1
3 108;1;1
3 109;1;1
3 110;1;1
3 111;1;1
3 112;1;1
3 113;1;1
3 114;1;1
3 115;1;1
3 116;1;1
3 117;1;1
3 118;1;1
3 119;1;1
3 120;1;1
3 121;1;1
3 122;1;1
3 123;1;1
3 124;1;1
3 125;1;1
3 126;1;1
3 127;1;1
3 128;1;1
3 129;1;1
3 130;1;1
3 131;1;1
3 132;1;1
3 133;1;1
3 134;1;1
3 135;1;1
3 136;1;1
3 137;1;1
3 138;1;1
3 139;1;1
3 140;1;1
3 141;1;1
3 142;1;1
3 143;1;1
3 144;1;1
3 145;1;1
3 146;1;1
3 147;1;1
3 148;1;1
3 149;1;1
3 150;1;1
3 151;1;1
3 152;1;1
3 153;1;1
3 154;1;1
3 155;1;1
3 156;1;1
3 157;1;1
3 158;1;1
3 159;1;1
3 160;1;1
3 161;1;1
3 162;1;1
3 163;1;1
3 164;1;1
3 165;1;1
3 166;1;1
3 167;1;1
3 168;1;1
3 169;1;1
3 170;1;1
3 171;1;1
3 172;1;1
3 173;1;1
3 174;1;1
3 175;1;1
3 176;1;1
3 177;1;1
3 178;1;1
3 179;1;1
3 180;1;1
3 181;1;1
3 182;1;1
3 183;1;1
3 184;1;1
3 185;1;1
3 186;1;1
3 187;1;1
3 188;1;1
3 189;1;1
3 190;1;1
3 191;1;1
3 192;1;1
3 193;1;1
3 194;1;1
3 195;1;1
3 196;1;1
3 197;1;1
3 198;1;1
3 199;1;1
3 200;1;1
3 201;1;1
3 202;1;1
3 203;1;1
3 204;1;1
3 205;1;1
3 206;1;1
3 207;1;1
3 208;1;1
3 209;1;1
3 210;1;1
3 211;1;1
3 212;1;1
3 213;1;1
3 214;1;1
3 215;1;1
3 216;1;1
3 217;1;1
3 218;1;1
3 219;1;1
3 220;1;1
3 221;1;1
3 222;1;1
3 223;1;1
3 224;1;1
3 225;1;1
3 226;1;1
3 227;1;1
3 228;1;1
3 229;1;1
3 230;1;1
3 231;1;1
3 232;1;1
3 233;1;1
3 234;1;1
3 235;1;1
3 236;1;1
3 237;1;1
3 238;1;1
3 239;1;1
3 240;1;1
3 241;1;1
3 242;1;1
3 243;1;1
3 244;1;1
3 245;1;1
3 246;1;1
3 247;1;1
3 248;1;1
3 249;1;1
3 250;1;1
3 251;1;1
3 252;1;1
3 253;1;1
3 254;1;1
3 255;1;1
3 256;1;1
3 257;1;1
3 258;1;1
3 259;1;1
3 260;1;1
3 261;1;1
3 262;1;1
3 263;1;1
3 264;1;1
3 265;1;1
3 266;1;1
3 267;1;1
3 268;1;1
3 269;1;1
3 270;1;1
3 271;1;1
3 272;1;1
3 273;1;1
3 274;1;1
3 275;1;1
3 276;1;1
3 277;1;1
3 278;1;1
3 279;1;1
3 280;1;1
3 281;1;1
3 282;1;1
3 283;1;1
3 284;1;1
3 285;1;1
3 286;1;1
3 287;1;1
3 288;1;1
3 289;1;1
3 290;1;1
3 291;1;1
3 292;1;1
3 293;1;1
3 294;1;1
3 295;1;1
3 296;1;1
3 297;1;1
3 298;1;1
3 299;1;1
3 300;1;1
3 301;1;1
3 302;1;1
3 303;1;1
3 304;1;1
3 305;1;1
3 306;1;1
3 307;1;1
3 308;1;1
3 309;1;1
3 310;1;1
3 311;1;1
3 312;1;1
3 313;1;1
3 314;1;1
3 315;1;1
3 316;1;1
3 317;1;1
3 318;1;1
3 319;1;1
3 320;1;1
3 321;1;1
3 322;1;1
3 323;1;1
3 324;1;1
3 325;1;1
3 326;1;1
3 327;1;1
3 328;1;1
3 329;1;1
3 330;1;1
3 331;1;1
3 332;1;1
3 333;1;1
3 334;1;1
3 335;1;1
3 336;1;1
3 337;1;1
3 338;1;1
3 339;1;1
3 340;1;1
3 341;1;1
3 342;1;1
3 343;1;1
3 344;1;1
3 345;1;1
3 346;1;1
3 347;1;1
3 348;1;1
3 349;1;1
3 350;1;1
3 351;1;1
3 352;1;1
3 353;1;1
3 354;1;1
3 355;1;1
3 356;1;1
3 357;1;1
3 358;1;1
3 359;1;1
3 360;1;1
3 361;1;1
3 362;1;1
3 363;1;1
3 364;1;1
3 365;1;1
3 366;1;1
3 367;1;1
3 368;1;1
3 369;1;1
3 370;1;1
3 371;1;1
3 372;1;1
3 373;1;1
3 374;1;1
3 375;1;1
3 376;1;1
3 377;1;1
3 378;1;1
3 379;1;1
3 380;1;1
3 381;1;1
3 382;1;1
3 383;1;1
3 384;1;1
3 385;1;1
3 386;1;1
3 387;1;1
3 388;1;1
3 389;1;1
3 390;1;1
3 391;1;1
3 392;1;1
3 393;1;1
3 394;1;1
3 395;1;1
3 396;1;1
3 397;1;1
3 398;1;1
3 399;1;1
3 400;1;1
3 401;1;1
3 402;1;1
3 403;1;1
3 404;1;1
3 405;1;1
3 406;1;1
3 407;1;1
3 408;1;1
3 409;1;1
3 410;1;1
3 411;1;1
3 412;1;1
3 413;1;1
3 414;1;1
3 415;1;1
3 416;1;1
3 417;1;1
3 418;1;1
3 419;1;1
3 420;1;1
3 421;1;1
3 422;1;1
3 423;1;1
3 424;1;1
3 425;1;1
3 426;1;1
3 427;1;1
3 428;1;1
3 429;1;1
3 430;1;1
3 431;1;1
3 432;1;1
3 433;1;1
3 434;1;1
3 435;1;1
3 436;1;1
3 437;1;1
3 438;1;1
3 439;1;1
3 440;1;1
3 441;1;1
3 442;1;1
3 443;1;1
3 444;1;1
3 445;1;1
3 446;1;1
3 447;1;1
3 448;1;1
3 449;1;1
3 450;1;1
3 451;1;1
3 452;1;1
3 453;1;1
3 454;1;1
3 455;1;1
3 456;1;1
3 457;1;1
3 458;1;1
3 459;1;1
3 460;1;1
3 461;1;1
3 462;1;1
3 463;1;1
3 464;1;1
3 465;1;1
3 466;1;1
3 467;1;1
3 468;1;1
3 469;1;1
3 470;1;1
3 471;1;1
3 472;1;1
3 473;1;1
3 474;1;1
3 475;1;1
3 476;1;1
3 477;1;1
3 478;1;1
3 479;1;1
3 480;1;1
3 481;1;1
3 482;1;1
3 483;1;1
3 484;1;1
3 485;1;1
3 486;1;1
3 487;1;1
3 488;1;1
3 489;1;1
3 490;1;1
3 491;1;1
3 492;1;1
3 493;1;1
3 494;0,999999;1
3 495;0,999999;1
3 496;0,999999;1
3 497;0,999991;1
3 498;0,999993;1
3 499;0,999992;1
3 500;0,999977;1
3 501;0,999974;1
3 502;0,999966;0,999999
3 503;0,99987;0,999953
3 504;0,999751;0,999931
3 505;0,999771;0,999804
3 506;0,999797;0,999952
3 507;0,991949;0,997135
3 508;0,982769;0,995235
3 509;0,984203;1
3 510;0,971784;0,984565
3 511;0,973574;0,983357
